{"RandomForestClassifier": {"Precision": [0.5217086834733894, 0.05398519291935021], "ROC_AUC": [0.7234086515309371, 0.006126361900861971], "Recall": [0.004985960952640046, 0.0007754081155283126]}, "LightGBMClassifier": {"Precision": [0.17235880915205928, 0.0022001464074275522], "ROC_AUC": [0.7572102064163951, 0.0028227712090385655], "Recall": [0.6580830318968499, 0.009860927864872932]}, "XGBoostClassifier": {"Precision": [0.18434220472163296, 0.001689584478807311], "ROC_AUC": [0.736895295202426, 0.0022710417276664693], "Recall": [0.5528304102111119, 0.009195155637908032]}, "Stacking_LGBM_RF": {"Precision": [0.16208905628362347, 0.0015592534101558178], "ROC_AUC": [0.7470883357097047, 0.0015727925249894921], "Recall": [0.6742023548430796, 0.007160981561332614]}, "Stacking_XGB_LGBM": {"Precision": [0.3087405574898703, 0.0010098365759526305], "ROC_AUC": [0.6761212503861902, 0.0010139300637782638], "Recall": [0.060310135318951706, 0.0006327040601403613]}, "Stacking_XGB_RF": {"Precision": [0.1572802684224723, 0.001802606894944038], "ROC_AUC": [0.7421240658064633, 0.0036518151456446974], "Recall": [0.6733141807812831, 0.0067259971673094355]}, "Stacking_All_Models": {"Precision": [0.6777777777777777, 0.01924500897298752], "ROC_AUC": [0.7580929973720655, 0.0028693635061328294], "Recall": [0.0012977582305874345, 0.0004266650189546263]}}